id_medecin;nom_medecin;specialite;grade
MED001;Dr. Hanane Bousselham;Ophtalmologie;Spécialiste
MED002;Dr. Said Zerouali;Gastro-entérologie;Professeur
MED003;Dr. Nadia Lamrini;Gastro-entérologie;Spécialiste
MED004;Dr. Mohamed Zerouali;Gynécologie;Spécialiste
MED005;Dr. Amine Mouline;Neurologie;Spécialiste
MED006;Dr. Hicham Bennis;Gynécologie;Professeur
MED007;Dr. Amina Bennani;Dermatologie;Spécialiste
MED008;Dr. Zineb El Fadili;Rhumatologie;Spécialiste
MED009;Dr. Meryem El Hadi;Gynécologie;Spécialiste
MED010;Dr. Rachid Chakiri;ORL;Spécialiste
MED011;Dr. Youssef El Mansouri;Dermatologie;Spécialiste
MED012;Dr. Amine Lahlou;Endocrinologie;Professeur
MED013;Dr. Rania Berrada;Médecine générale;Généraliste
MED014;Dr. Amine Idrissi;Pédiatrie;Professeur
MED015;Dr. Karim Raji;Cardiologie;Professeur
MED016;Dr. Zineb Mernissi;ORL;Spécialiste
MED017;Dr. Salma El Amrani;Ophtalmologie;Spécialiste
MED018;Dr. Hicham Hassani;Gynécologie;Professeur
MED019;Dr. Sara Zerouali;Neurologie;Spécialiste
MED020;Dr. Anas Idrissi;Pédiatrie;Spécialiste
MED021;Dr. Samira Ait Lahcen;Gynécologie;Spécialiste
MED022;Dr. Anas Hassani;Radiologie;Professeur
MED023;Dr. Ayoub El Fadili;Gynécologie;Spécialiste
MED024;Dr. Ahmed Bouzid;Gynécologie;Spécialiste
MED025;Dr. Amine Berrada;Endocrinologie;Spécialiste
MED026;Dr. Tarik Najjar;Médecine générale;Généraliste
MED027;Dr. Amina El Fadili;Médecine générale;Généraliste
MED028;Dr. Laila Mernissi;Médecine générale;Généraliste
MED029;Dr. Zineb El Mansouri;Médecine générale;Généraliste
MED030;Dr. Fatima El Mansouri;Cardiologie;Spécialiste
MED031;Dr. Asmae Ait Lahcen;Médecine générale;Généraliste
MED032;Dr. Mohamed Kabbaj;Pédiatrie;Spécialiste
MED033;Dr. Hamza Lamrini;Ophtalmologie;Spécialiste
MED034;Dr. Asmae Rochdi;Dermatologie;Professeur
MED035;Dr. Nawal Alaoui;Ophtalmologie;Spécialiste
MED036;Dr. Nabil Bousselham;Cardiologie;Spécialiste
MED037;Dr. Anas Bouzid;Médecine générale;Généraliste
MED038;Dr. Ilyas El Fadili;Ophtalmologie;Spécialiste
MED039;Dr. Salma Tazi;Pédiatrie;Spécialiste
MED040;Dr. Omar El Amrani;Radiologie;Spécialiste
MED041;Dr. Anas Mansouri;Médecine générale;Généraliste
MED042;Dr. Adil Lahlou;Ophtalmologie;Professeur
MED043;Dr. Ahmed Raji;Pédiatrie;Spécialiste
MED044;Dr. Hamza Sabri;Rhumatologie;Spécialiste
MED045;Dr. Sanae Lahlou;Radiologie;Professeur
